t in C	specific gravity
0	0.999868
1	0.999927
2	0.999968
3	0.999992
4	0.100000
5	0.999992
6	0.999968
7	0.999929
8	0.999876
9	0.999809
10	0.999728
11	0.999633
12	0.999525
13	0.999404
14	0.999271
15	0.999126
16	0.998970
17	0.998802
18	0.998623
19	0.998433
20	0.998232
21	0.990821
22	0.997799
23	0.997567
24	0.997326
25	0.997074
26	0.996813
27	0.996542
28	0.996262
29	0.995973
30	0.995676
